{
  "test_cases": 45,
  "fallback": {
    "accuracy": 0.5111111111111111,
    "avg_inference_ms": 0.0029087066650390625
  },
  "setfit": {
    "accuracy": 0.7333333333333333,
    "avg_inference_ms": 16.15947087605794
  },
  "medgemma": {
    "accuracy": 0.6888888888888889,
    "avg_inference_ms": 208.41873486836752
  }
}